url,job_title,company,salary_min,salary_max,remote,workplace_type,location,seniority_level,commitment,apply_source
https://viatris.wd5.myworkdayjobs.com/external/job/United-States-Remote-Office/Senior-Director-Marketing--Pain_R5662483,"Senior Director Marketing, Pain",Viatris,151000.0,314000.0,yes,Remote,United States,Senior Level,Full Time,workday
https://talentuch.breezy.hr/p/41264b20102b-b2b-saas-marketing-director,B2B SaaS Marketing Director,Talentuch,,,yes,Remote,United States,Senior Level,Full Time,breezy
https://yai.wd5.myworkdayjobs.com/careers/job/Manhattan/Marketing-Director_R022844,Marketing Director,Yai,105000.0,125000.0,no,Onsite,"New York City, New York, United States",Senior Level,Full Time,workday
https://travelzoo.bamboohr.com/careers/588,Marketing Director,Travelzoo,135000.0,175000.0,no,Onsite,"New York, New York, United States",Senior Level,Full Time,bamboohr
https://jobs.lever.co/kasheesh/c4b2787b-ef23-48b7-94f4-c333a906678d/apply,Marketing Director,Kasheesh,145000.0,165000.0,no,Hybrid,"New York City, New York, United States",Senior Level,Full Time,lever
https://www.only.one/about/jobs?gh_jid=7086674003,Director of Marketing,Only One,,,yes,Remote,United States,Senior Level,Full Time,grnhse
https://myjobs.adp.com/archamenitiescareers/cx/job-details?reqId=5001149382306,Director of Marketing Enterprise,Arch Amenities Group,,,yes,Remote,North America,Senior Level,Full Time,adprecruiting
https://ats.rippling.com/fellers/jobs/228e4f24-c8e4-4491-b088-4efc983ccab9,Marketing Director,Fellers Careers Site,120000.0,160000.0,yes,Remote,United States,Senior Level,Full Time,rippling
https://localize.breezy.hr/p/1c4cf76970d1-marketing-director,Marketing Director,Localize,,,yes,Remote,United States,Senior Level,Full Time,breezy
https://spgi.wd5.myworkdayjobs.com/spgi_careers/job/New-York-NY/Associate-Marketing-Director_316639-1,Associate Marketing Director,S&P Global Market Intelligence,102387.0,149350.0,no,Onsite,"New York, New York, United States",Senior Level,Full Time,workday
https://spgi.wd5.myworkdayjobs.com/spgi_careers/job/New-York-NY/Associate-Director--Product-Marketing---Private-Markets_318405-1,"Associate Director, Product Marketing - Private Markets",Spgi,145000.0,165000.0,yes,Remote,New York or London,Senior Level,Full Time,workday
https://apply.workable.com/j/3596DC1271,"Marketing Director, US",Channel Factory,,,no,Onsite,"New York, New York, United States",Mid Level,Full Time,workable
https://lifesitenews.bamboohr.com/careers/95,Director of Marketing,LifeSiteNews,,,yes,Remote,United States,Senior Level,Full Time,bamboohr
https://hntb.wd5.myworkdayjobs.com/hntb_careers/job/New-York-NY/Division-Marketing-Director_R-27454,Division Marketing Director,Hntb,,,no,Onsite,New York or Boston,Senior Level,Full Time,workday
https://workforcenow.adp.com/mascsr/default/mdf/recruitment/recruitment.html?cid=98059cc7-5a21-42f7-970b-cad6dcbfc7e0&jobId=555810,Senior Director HCP Marketing,Avadel Pharmaceuticals plc,,,yes,Remote,United States,Senior Level,Full Time,adp
https://workforcenow.adp.com/mascsr/default/mdf/recruitment/recruitment.html?cid=31839bbe-05e1-4311-9683-1302247ca5d4&jobId=552978,Marketing Director- Outdoor Retailer,"Emerald Holding, Inc.",90000.0,100000.0,no,Hybrid,San Juan Capistrano or United States or New York or Alpharetta,Senior Level,Full Time,adp
https://workforcenow.adp.com/mascsr/default/mdf/recruitment/recruitment.html?cid=33b4e892-5076-4888-83e0-cb344daf6d80&jobId=589467,"Director, Customer & Distributor Marketing - CONTRACT",Thorne,,,yes,Remote,United States,Senior Level,"Contract, Full Time",adp
https://dentsuaegis.wd3.myworkdayjobs.com/dan_global/job/USA---Remote---Maryland/Product-Marketing-Director_R1103745-1,Product Marketing Director,Dentsuaegis,94000.0,152375.0,yes,Remote,United States or Maryland or New York City or Detroit or Chicago,Senior Level,Full Time,workday
https://dentsuaegis.wd3.myworkdayjobs.com/dan_global/job/USA---Remote---New-York/Group-Director--Influencer---Marketing-Temporary-Worker_R1103748,"Group Director, Influencer & Marketing-Temporary Worker",Dentsuaegis,135990.4,219648.0,yes,Remote,"New York, New York, United States",Senior Level,"Part Time, Temporary, Contract",workday
https://dentsuaegis.wd3.myworkdayjobs.com/dan_global/job/USA--Remote--Texas--Central-Time/Associate-Director--Digital-and-Programmatic_R1099123-1,"Associate Director, Digital and Programmatic",Dentsu,68000.0,110400.0,yes,Remote,United States,Mid Level,Full Time,workday
https://dentsuaegis.wd3.myworkdayjobs.com/dan_global/job/New-York/Associate-Director--Integrated-Media-Planning_R1102097,"Associate Director, Integrated Media Planning",Carat,68000.0,110400.0,no,Hybrid,"New York, New York, United States",Senior Level,Full Time,workday
https://jobs-metagenics.icims.com/jobs/4073/job?utm_source=hiringcafe_integration&iis=Job%20Board&iisn=HiringCafe,"Director, Brand Marketing",Metagenics,180000.0,200000.0,yes,Remote,United States,Senior Level,Full Time,icims
https://job-boards.greenhouse.io/cultureamp/jobs/7217244,"Director, Marketing Operations",Culture Amp,181500.0,235000.0,no,Onsite,New York or Austin or Chicago or San Francisco,Senior Level,Full Time,grnhse
https://job-boards.greenhouse.io/cultureamp/jobs/7217240,"Director, Marketing Operations",Culture Amp,181500.0,235000.0,no,Hybrid,Chicago or Austin or New York or San Francisco,Senior Level,Full Time,grnhse
https://job-boards.greenhouse.io/cultureamp/jobs/7217239,"Director, Marketing Operations",Culture Amp,181500.0,235000.0,no,Hybrid,San Francisco or New York or Austin or Chicago,Senior Level,Full Time,grnhse
https://job-boards.greenhouse.io/cultureamp/jobs/7217242,"Director, Marketing Operations",Culture Amp,181500.0,235000.0,no,Hybrid,Austin or Chicago or New York or San Francisco,Senior Level,Full Time,grnhse
https://www.wiz.io/careers/job/4598230006/:title?gh_jid=4598230006,"Director, Marketing Operations","Wiz, Inc.",183000.0,251500.0,yes,Remote,United States,Senior Level,Full Time,grnhse
https://humana.wd5.myworkdayjobs.com/humana_external_career_site/job/Louisville-KY/Director--Onboarding-Marketing_R-389443-1,"Director, Onboarding Marketing",Humana,168000.0,231000.0,yes,Remote,Louisville or Dallas or Tampa or Fort Lauderdale or Nashville or New York City or Boston or Seattle or Washington or Denver or Chicago or Houston,Senior Level,Full Time,workday
https://humana.wd5.myworkdayjobs.com/humana_external_career_site/job/Remote-Nationwide/Director--Home-Solutions-Marketing_R-388706,"Director, Home Solutions Marketing",Humana,168000.0,231000.0,yes,Remote,United States,Senior Level,Full Time,workday
https://humana.wd5.myworkdayjobs.com/humana_external_career_site/job/Louisville-KY/Director--Portfolio-Marketing-Strategy_R-388713-1,"Director, Portfolio Marketing Strategy",Humana,168000.0,231000.0,yes,Remote,United States,Senior Level,Full Time,workday
https://humana.wd5.myworkdayjobs.com/humana_external_career_site/job/Remote-Nationwide/Director--Marketing-Data-Management_R-388741-1,"Director, Marketing Data Management",Humana,168000.0,231000.0,yes,Remote,United States,Senior Level,Full Time,workday
https://recruiting.ultipro.com/cre1007crehr/JobBoard/453ac982-2a83-4723-a69a-3dd3ff799d14/OpportunityDetail?opportunityId=027b1a87-4b51-46f1-918f-b94126197592,Area Director of Marketing - NYC,Crescent Hotels & Resorts,120000.0,125000.0,no,Onsite,"New York, New York, United States",Senior Level,Full Time,ultipro
https://apply.workable.com/j/96DC0D1BCE,Digital Marketing Director,HSI,110000.0,125000.0,yes,Remote,United States,Senior Level,Full Time,workable
https://tas-hyatt.taleo.net/careersection/mobile+-+hyatt.com+-+all+external+positions+posted/jobdetail.ftl?job=NEW014494&lang=en,Director of Marketing,Park Hyatt New York,97000.0,151400.0,no,Onsite,"New York, New York, United States",Senior Level,Full Time,taleo_careersection
https://hyatt.taleo.net/careersection/mobile+-+hyatt.com+-+all+external+positions+posted/jobdetail.ftl?job=NEW014494&lang=en,Director of Marketing,Park Hyatt New York,97000.0,151400.0,no,Onsite,"New York City, New York, United States",Senior Level,Full Time,taleo_careersection
https://job-boards.greenhouse.io/manscaped/jobs/4904847008,Creator Marketing Director,MANSCAPED,140000.0,150000.0,yes,Remote,United States,Senior Level,Full Time,grnhse
https://www.bseglobal.net/job/?gh_jid=7247070003&gh_jid=7247070003,"Director, Marketing - Brooklyn Basketball",BSE Global,120000.0,150000.0,no,Onsite,"Brooklyn, New York, United States",Senior Level,Full Time,grnhse
https://recruiting.paylocity.com/Recruiting/Jobs/Details/3553880,Marketing & Development Director,North Country Family Health Center Inc,,,no,Onsite,"Watertown, New York, United States",Mid Level,Full Time,paylocity
https://job-boards.greenhouse.io/mineralystherapeutics/jobs/4906562008,"Director, Consumer & Patient Marketing",Mineralys Therapeutics,175000.0,195000.0,yes,Remote,United States,Senior Level,Full Time,grnhse
https://job-boards.greenhouse.io/mineralystherapeutics/jobs/4906653008,"Director/ Sr. Director, HCP Marketing ",Mineralys Therapeutics,175000.0,250000.0,yes,Remote,United States,Senior Level,Full Time,grnhse
https://boards.greenhouse.io/byheart/jobs/7025317003?gh_jid=7025317003,"Director, Medical Marketing ",ByHeart,160000.0,180000.0,no,Onsite,"New York, New York, United States",Senior Level,Full Time,grnhse
https://astanza-laser.breezy.hr/p/3d3d2ea60fc6-director-of-marketing,Director of Marketing,Astanza Laser,130000.0,160000.0,yes,Remote,United States,Senior Level,Full Time,breezy
http://civicsciencecareers.applytojob.com/apply/E4oKqxQXGA/Marketing-ManagerDirector,Marketing Manager/Director,CivicScience,,,yes,Remote,United States or Pennsylvania,Senior Level,Full Time,jazzhr
https://riministreet.wd1.myworkdayjobs.com/riministreet/job/Remote-United-States/Partner-Marketing-Director_R-101753,Partner Marketing Director,"Rimini Street, Inc.",132000.0,180000.0,yes,Remote,United States,Senior Level,Full Time,workday
https://job-boards.greenhouse.io/fireblocks/jobs/4599435006,Digital Marketing Director,Fireblocks,140000.0,185000.0,yes,Remote,New York or United States,Senior Level,Full Time,grnhse
https://job-boards.greenhouse.io/fireblocks/jobs/4601120006,"Product Marketing Director, Banking",Fireblocks,180000.0,230000.0,no,Hybrid,New York or London or United States,Senior Level,Full Time,grnhse
https://mastercard.wd1.myworkdayjobs.com/corporatecareers/job/Purchase-New-York/Director--B2B-Marketing_R-259198,"Director, B2B Marketing",Mastercard,155000.0,248000.0,no,Hybrid,"Purchase, New York, United States",Senior Level,Full Time,workday
https://fa-evdq-saasfaprod1.fa.ocs.oraclecloud.com/hcmUI/CandidateExperience/en/sites/CX/requisitions/job/9263,"Director, Portfolio Marketing",Computershare,135000.0,165000.0,no,Hybrid,Canton or New York City or Jersey City or Edison or Toronto,Senior Level,Full Time,oraclecloud
https://bullhorn.wd1.myworkdayjobs.com/bullhorncareers/job/Remote---NOAM/Director--Demand-Generation--North-America_JR708,"Director, Growth Marketing",Bullhorn,,,yes,Remote,United States,Senior Level,Full Time,workday
https://job-boards.greenhouse.io/runpod/jobs/4914376008,"Senior Director, Marketing","Runpod, Inc.",180000.0,280000.0,yes,Remote,United States,Senior Level,Full Time,grnhse
https://job-boards.greenhouse.io/calm/jobs/8150927002,"Director, Marketing Operations",Calm.com,178600.0,272800.0,yes,Remote,Los Angeles or Minneapolis or New York City or San Francisco,Senior Level,Full Time,grnhse
https://job-boards.greenhouse.io/calm/jobs/8169881002,"Sr. Director, Growth Marketing/Acquisition ",Calm.com,223200.0,341000.0,yes,Remote,Los Angeles or Minneapolis or New York City or San Francisco,Senior Level,Full Time,grnhse
https://pfizer.wd1.myworkdayjobs.com/pfizercareers/job/United-States---New-York---New-York-City/Vyndamax-US-HCP-Marketing-Director_4940665,Vyndamax US HCP Marketing Director,Pfizer,156600.0,261000.0,no,Hybrid,"New York City, New York, United States",Senior Level,Full Time,workday
http://pfizer.wd1.myworkdayjobs.com/pfizercareers/job/United-States---New-York---New-York-City/Senior-Director--Strategy---Consulting--Global-Commercial-Platforms_4940740-2,"Senior Director, Strategy & Consulting, Global Commercial Platforms",Pfizer,204700.0,341100.0,no,Hybrid,"New York City, New York, United States",Senior Level,Full Time,workday
http://ocient.hire.trakstar.com/jobs/fk0pkdo, Director of Growth Marketing ,Ocient,180000.0,180000.0,yes,Remote,United States,Senior Level,Full Time,trakstar
https://job-boards.greenhouse.io/diligentcorporation/jobs/5642788004,"Senior Director, Product Marketing",Diligent Corporation,200000.0,250000.0,no,Hybrid,"New York, New York, United States",Senior Level,Full Time,grnhse
https://job-boards.greenhouse.io/diligentcorporation/jobs/5647177004,"Director, Revenue Operations",Diligent Corporation,151000.0,207000.0,no,Hybrid,New York or Washington,No Prior Experience Required,Full Time,grnhse
https://jobs.smartrecruiters.com/NBCUniversal3/744000081738355-sr-director-marketing-strategy,"Sr. Director, Marketing Strategy",NBCUniversal,140000.0,185000.0,no,Hybrid,"New York, New York, United States",No Prior Experience Required,Full Time,smartrecruiters
https://jobs.smartrecruiters.com/NBCUniversal3/744000082083016-director-account-management,"Director, Account Management",NBCUniversal,160000.0,225000.0,no,Hybrid,"New York, New York, United States",No Prior Experience Required,Full Time,smartrecruiters
https://jobs.smartrecruiters.com/NBCUniversal3/744000081387497-senior-director-partner-growth,"Senior Director, Partner Growth",NBCUniversal,150000.0,210000.0,no,Hybrid,Universal City or New York,No Prior Experience Required,"Full Time, Contract, Temporary, Internship, Part Time, Seasonal, Volunteer",smartrecruiters
https://jobs.smartrecruiters.com/NBCUniversal3/744000081385628-senior-director-partner-growth,"Senior Director, Partner Growth",NBCUniversal,150000.0,210000.0,no,Hybrid,"New York, New York, United States",Senior Level,Full Time,smartrecruiters
https://jobs.smartrecruiters.com/AccorHotel/744000081358982-director-of-sales-marketing,Director of Sales & Marketing,AccorHotel,180000.0,195000.0,no,Onsite,"New York, New York, United States",Mid Level,Full Time,smartrecruiters
https://regeneron.wd1.myworkdayjobs.com/careers/job/SLEEPY-HOLLOW/Senior-Director--Oncology-Marketing---US-Skin-Lead_R41643,"Senior Director, Oncology Marketing - US Skin Lead",Regeneron,212900.0,354800.0,no,Onsite,"Sleepy Hollow, New York, United States",Senior Level,Full Time,workday
https://regeneron.wd1.myworkdayjobs.com/careers/job/SLEEPY-HOLLOW/Senior-Director--Oncology-Marketing---US-Lung-Lead_R41644,"Senior Director, Oncology Marketing - US Lung Lead",Regeneron Pharmaceuticals,212900.0,354800.0,no,Onsite,"Sleepy Hollow, New York, United States",Senior Level,Full Time,workday
https://regeneron.wd1.myworkdayjobs.com/careers/job/SLEEPY-HOLLOW/Sr-Director--International-Marketing--Oncology-Global_R41963,"Sr Director, International Marketing, Oncology Global",Regeneron,212900.0,354800.0,no,Onsite,"Sleepy Hollow, New York, United States",Senior Level,Full Time,workday
https://regeneron.wd1.myworkdayjobs.com/careers/job/SLEEPY-HOLLOW/Associate-Director--US-Immunology-Market-Access-Strategy_R41642,"Associate Director, US Immunology Market Access Strategy",Regeneron,154800.0,252800.0,no,Onsite,"Sleepy Hollow, New York, United States",Senior Level,Full Time,workday
https://sumitomopharma.wd5.myworkdayjobs.com/smpa/job/US-Remote/Associate-Director--Consumer-Marketing_R00953-1,"Associate Director, Consumer Marketing",Sumitomopharma,159200.0,199000.0,yes,Remote,Marlborough or United States,Mid Level,Full Time,workday
https://workforcenow.adp.com/mascsr/default/mdf/recruitment/recruitment.html?cid=8c6702bc-5a45-465e-ae8f-8859cd7ae6de&jobId=508627,"Director, League & Field Marketing",undefined,126000.0,136000.0,yes,Remote,United States,Senior Level,Full Time,adp
https://workforcenow.adp.com/mascsr/default/mdf/recruitment/recruitment.html?cid=8c6702bc-5a45-465e-ae8f-8859cd7ae6de&jobId=508623," Director, Digital Marketing & Media",United Football League,120000.0,130000.0,yes,Remote,United States,Senior Level,Full Time,adp
https://jobs.smartrecruiters.com/LinkedIn3/744000080872793-director-gcp-field-marketing,"Director, GCP Field Marketing",LinkedIn,179000.0,280000.0,no,Hybrid,"New York, New York, United States",No Prior Experience Required,Full Time,smartrecruiters
https://jobs.smartrecruiters.com/LinkedIn3/744000081087375-mid-market-account-director-sales-solutions,"Mid-Market Account Director, Sales Solutions",LinkedIn,131000.0,188000.0,no,Hybrid,"New York, New York, United States",Entry Level,Full Time,smartrecruiters
https://careers.avalara.com/jobs/15916/job?utm_source=hiringcafe_integration&iis=Job%20Board&iisn=HiringCafe,"Director, Growth Marketing",Avalara,,,yes,Remote,United States,Senior Level,Full Time,icims
https://apply.workable.com/j/34D4744E5B,"Director, Field Marketing",Mast Jägermeister US,150000.0,175000.0,yes,Remote,United States,Senior Level,Full Time,workable
https://careers.siriusxm.com/careers/jobs/16972/job?utm_source=hiringcafe_integration&iis=Job%20Board&iisn=HiringCafe,"Senior Director, Marketing Campaign Development",Sirius XM,172218.0,203125.0,no,Onsite,Los Angeles or New York,Senior Level,Full Time,icims
https://ats.rippling.com/nstxl/jobs/0868567f-bfa2-48ff-b644-c36b8d6f61e8,"Director, Strategic Marketing",Joining NSTXL,,,yes,Remote,United States,Senior Level,Full Time,rippling
https://jobs.lever.co/USMobile/8c478ff2-1df5-4c25-bc1c-7a09817d8d05/apply,Director of Lifecycle Marketing,USMobile,160000.0,180000.0,no,Hybrid,"New York City, New York, United States",Senior Level,Full Time,lever
https://jobs.smartrecruiters.com/Equinox/744000081058794-sr-director-member-marketing,"Sr. Director, Member Marketing",Equinox,200000.0,250000.0,no,Onsite,"New York, New York, United States",Senior Level,Full Time,smartrecruiters
https://sumitomopharma.wd5.myworkdayjobs.com/invite_to_apply/job/US-Remote/Associate-Director--Marketing---Oncology_R00777-2,"Associate Director, Marketing - Oncology","Sumitomo Pharma Co., Ltd.",148445.0,185556.0,yes,Remote,Marlborough or United States,Senior Level,Full Time,workday
https://apply.workable.com/j/E782D8E223,"Sr. Director, Integrated Marketing, Solar",Hello Sunshine,150000.0,160000.0,no,Onsite,"New York, New York, United States",Senior Level,Full Time,workable
https://apply.workable.com/j/042124F79B,"Director, Social Media",Hello Sunshine,110000.0,135000.0,no,Onsite,"New York, New York, United States",Senior Level,Full Time,workable
https://job-boards.greenhouse.io/drsquatch/jobs/5642164004,Associate Director of Brand & Integrated Marketing,Dr. Squatch,150000.0,170000.0,no,Hybrid,"New York, New York, United States",Mid Level,Full Time,grnhse
https://ats.rippling.com/scentbird/jobs/9e17e86c-f34d-493d-8696-9e8b3d4445ce,"Associate Director, Lifecycle Marketing",Scentbird Careers Page,,,yes,Remote,United States,Senior Level,Full Time,rippling
https://jobs.ashbyhq.com/stride%20build/b856a022-9bcd-4ec0-9895-7ccaca3c974d,Director of Marketing,Stride,,,yes,Remote,United States,Senior Level,Full Time,ashby
https://careers.essilorluxottica.com/job/New-York-Trade-Event-Marketing-Director-NY-10018/1246243001/,"Trade Event Marketing Director (New York, NY, US, 10018)",,118412.7,182194.95,no,Onsite,"New York, New York, United States",Senior Level,Full Time,successfactors
https://careers.essilorluxottica.com/job/New-York-Store-Director-NY-10012/1245254301/,"Store Director (New York, NY, US, 10012)",EssilorLuxottica,60525.6,102672.8,no,Onsite,"New York, New York, United States",Senior Level,Full Time,successfactors
https://landmarkventures.bamboohr.com/careers/53,Director of Marketing,Landmark Ventures,,,yes,Remote,United States,Senior Level,Full Time,bamboohr
https://job-boards.greenhouse.io/opentable/jobs/8136631002,"Director, Experiential Marketing",OpenTable,180000.0,200000.0,no,Hybrid,New York or San Francisco,Senior Level,Full Time,grnhse
https://d1a.pinpointhq.com/en/postings/a46eba17-af4b-40a4-a4da-c9dc0ae3881a,"Associate Director, Influencer & Creator Marketing",Day One Agency,90000.0,105000.0,no,Hybrid,"New York, New York, United States",Mid Level,Full Time,pinpoint
https://job-boards.greenhouse.io/backblaze/jobs/4905784008,"Director, GTM and Marketing Operations",Backblaze,175000.0,227000.0,yes,Remote,United States,Senior Level,Full Time,grnhse
https://sitero.bamboohr.com/careers/373,"Director, Sales Enablement and Marketing",Sitero LLC,,,yes,Remote,United States,Senior Level,Full Time,bamboohr
https://jobs.lever.co/pendulum/87424948-985b-4065-a654-b2b8cc8f2d3b/apply,"Director, Organic, Influencer, and PR Marketing",Pendulum,150000.0,180000.0,yes,Remote,United States,Mid Level,Full Time,lever
https://www.paycomonline.net/v4/ats/web.php/jobs/ViewJobDetails?job=467843&clientkey=1A07B75E28660628DEFC7215B06EF84C,B.HOM Director of Sales and Marketing,BH MANAGEMENT SERVICES LLC,100000.0,900000.0,yes,Remote,United States,No Prior Experience Required,Full Time,paycom
https://www.paycomonline.net/v4/ats/web.php/jobs/ViewJobDetails?job=467843&clientkey=C8CA71BADF7ED8833D5E93D3ED9CB4C0,B.HOM Director of Sales and Marketing,BH MANAGEMENT SERVICES LLC,90000.0,100000.0,yes,Remote,United States,No Prior Experience Required,Full Time,paycom
https://myjobs.adp.com/dataaxle/cx/job-details?reqId=5001148711806,"Sr Director, Product Marketing",Data Axle,,,yes,Remote,United States,Senior Level,Full Time,adprecruiting
https://apply.workable.com/j/0F2B50ADBE,"Director, Content Marketing (Remote - US or Canada)",Axonify,,,yes,Remote,United States or Canada,Senior Level,Full Time,workable
https://apply.workable.com/j/C92BD071A1,"Director, Content Strategy (Remote - US)",AffiniPay,,,yes,Remote,United States,Senior Level,Full Time,workable
https://apply.workable.com/j/EE97A8C351,"Customer Success Associate Director, Advertising",CommerceIQ (posted by Jobgether),109000.0,150000.0,yes,Remote,United States,Senior Level,Full Time,workable
https://apply.workable.com/j/5EF7B6AF7C,Creative Director (Remote - US),Sanity.io,,,yes,Remote,United States,Senior Level,Full Time,workable
https://recruiting.paylocity.com/Recruiting/Jobs/Details/3541891,"Global Overview - Director, Customer Marketing",Global Overview,170000.0,200000.0,yes,Remote,United States,Senior Level,Full Time,paylocity
https://job-boards.greenhouse.io/alma/jobs/8167737002,"Senior Director, Product Marketing",Alma,200000.0,250000.0,yes,Remote,United States,Senior Level,Full Time,grnhse
https://careers-isc2.icims.com/jobs/2202/job?utm_source=hiringcafe_integration&iis=Job%20Board&iisn=HiringCafe,"Director, Ecommerce & Marketing Operations",(ISC)2,,,yes,Remote,United States,Senior Level,Full Time,icims
https://elchxmprod.jobs.hr.cloud.sap/job/New-York-Brand-Marketing-Director-Dr_Jart%2B-NY-10010/1323300500/,"Brand Marketing Director - Dr.Jart+ (New York, NY, US, 10010)",Estée Lauder Companies,120550.0,208200.0,no,Onsite,"New York, New York, United States",Senior Level,Full Time,successfactors
https://elchxmprod.jobs.hr.cloud.sap/job/New-York-Director%2C-Global-Marketing%2C-Skincare-NY-10001/1323639000/,"Director, Global Marketing, Skincare (New York, NY, US)",Estée Lauder Companies,,,no,Onsite,"New York, New York, United States",Senior Level,Full Time,successfactors
https://elchxmprod.jobs.hr.cloud.sap/job/New-York-Director%2C-Acquisition-Marketing-%28EL%2C-BB%2C-LAB%29-NY-10010/1323639300/,"Director, Acquisition Marketing (EL, BB, LAB) (New York, NY, US, 10010)",SAP Business Technology Platform,120550.0,208200.0,no,Onsite,"New York, New York, United States",Senior Level,Full Time,successfactors
https://elchxmprod.jobs.hr.cloud.sap/job/New-York-Executive-Director%2C-Global-Marketing%2C-Skincare-Clinique-NY-10153/1323310400/,"Executive Director, Global Marketing, Skincare - Clinique (New York, NY, US, 10153)",SAP Business Technology Platform,154000.0,264750.0,no,Onsite,"New York, New York, United States",Senior Level,Full Time,successfactors
https://jobs.jobvite.com/hachette-internal/job/orBUxfwd?nl=1&fr=true,"Director of Marketing and Retail Strategy,  James Patterson Publishing Program",Hachette Book Group,110000.0,130000.0,no,Onsite,"New York, New York, United States",Senior Level,Full Time,jobvite
https://jobs.jobvite.com/hachette-book-group/job/orBUxfwd?nl=1&fr=true,"Director of Marketing and Retail Strategy,  James Patterson Publishing Program",Hachette Book Group,110000.0,130000.0,no,Onsite,"New York, New York, United States",Senior Level,Full Time,jobvite
https://job-boards.greenhouse.io/blinkhealth/jobs/8135837002,"Director, Product Marketing ",Blink Health,,,yes,Remote,United States,Senior Level,Full Time,grnhse
https://careers-hines.icims.com/jobs/13119/job?utm_source=hiringcafe_integration&iis=Job%20Board&iisn=HiringCafe,Director of Marketing - Hudson Square Portfolio,Hines,180000.0,200000.0,no,Onsite,"New York, New York, United States",Senior Level,Full Time,icims
https://careers-hines.icims.com/jobs/13175/job?utm_source=hiringcafe_integration&iis=Job%20Board&iisn=HiringCafe,Director - Global Content,Hines,190200.0,271800.0,no,Onsite,Houston or New York or London,Senior Level,Full Time,icims
http://healthynest.applytojob.com/apply/S0tOlKPZEg/Director-Vice-President-Of-Brand-And-Marketing,Director / Vice President of Brand and Marketing,healthybaby,180000.0,200000.0,no,Hybrid,"New York, New York, United States",Senior Level,Full Time,jazzhr
https://job-boards.greenhouse.io/nflcareers/jobs/4902509008,"Director, Global Fan Engagement Marketing",The National Football League,140000.0,185000.0,no,Onsite,"New York, New York, United States",Senior Level,Full Time,grnhse
https://jobs.netapp.com/job/New-York-Director%2C-Enterprise-Marketing-NY-10001/1321317000/,"Director, Enterprise Marketing (New York, NY, US, 10001)",NetApp,198050.0,293700.0,no,Onsite,"New York, New York, United States",Senior Level,Full Time,successfactors
https://complyadvantage.com/careers/jobs/8099540002?gh_jid=8099540002,"Director, Product Marketing",ComplyAdvantage,191000.0,230000.0,no,Hybrid,New York City or London or Lisbon or Singapore or Cluj-Napoca,Senior Level,Full Time,grnhse
https://tiaa.wd1.myworkdayjobs.com/search/job/Virtual-KS-USA/Director--529-College-Savings-Plan-Marketing---Kansas--Virtual_R250700177-1,"Director, College Savings Plan Marketing - Kansas, Virtual",TIAA,101000.0,141000.0,yes,Remote,United States,Senior Level,Full Time,workday
https://workforcenow.adp.com/mascsr/default/mdf/recruitment/recruitment.html?cid=136722ae-c71f-4453-8030-242173f026a9&jobId=558059,"Assistant Director, Marketing & Fan Engage.",Army West Point Athletic Association,45000.0,48000.0,no,Onsite,"West Point, New York, United States",Mid Level,Full Time,adp
https://job-boards.greenhouse.io/bubbleskincare/jobs/4868428007,Director of Marketing Strategy & Operations (MSO),Bubble Skincare,100000.0,150000.0,no,Hybrid,"New York, New York, United States",Senior Level,Full Time,grnhse
https://apply.workable.com/j/929C1A6CE3,"Director, Marketing Operations",Kooth,150000.0,150000.0,yes,Remote,United States,Senior Level,Full Time,workable
https://jobs.netapp.com/job/New-York-Director%2C-Enterprise-Marketing-NY-10001/1321317000/,"Director, Enterprise Marketing (New York, NY, US, 10001)",NetApp,198050.0,293700.0,no,Onsite,"New York, New York, United States",Senior Level,Full Time,successfactors
https://job-boards.greenhouse.io/theknotworldwide/jobs/4809027008,"Product Marketing Director, eCommerce",The Knot Worldwide,,,no,Hybrid,"New York City or Barcelona or Delhi or Galway or London or New York City or Washington, D.C.",Senior Level,Full Time,grnhse
https://job-boards.greenhouse.io/corellium/jobs/5642547004,Director of Product Marketing,Corellium,,,yes,Remote,United States,Senior Level,Full Time,grnhse
https://www.recruitics.com/jobs?gh_jid=5647010004,Client Director,Recruitics,82000.0,124000.0,no,Onsite,"New York, New York, United States",Senior Level,Full Time,grnhse
http://hias.hrmdirect.com/employment/view.php?req=3517141,"Associate Director, Mass Marketing Fundraising & Supporter Engagement",HIAS,87750.0,100000.0,no,Hybrid,Silver Spring or New York,Mid Level,Full Time,hrmdirect
https://cengage.wd5.myworkdayjobs.com/cengagenorthamericacareers/job/United-States/Director--Marketing-Automation--Remote-_R2025-737-1,"Director, Marketing Automation (Remote)",Cengage,138200.0,160000.0,yes,Remote,United States or Massachusetts,Senior Level,Full Time,workday
https://barings.wd1.myworkdayjobs.com/barings/job/New-York-NY-United-States/Senior-Director--Head-of-US-Wealth-Marketing_JR_006115-1,"Senior Director, Head of US Wealth Marketing",Barings,120000.0,170000.0,no,Hybrid,New York or Charlotte,Senior Level,Full Time,workday
https://job-boards.greenhouse.io/betterhelpcom/jobs/4919898008,Senior Director of Performance Marketing,BetterHelp,225000.0,260000.0,yes,Remote,United States,Senior Level,Full Time,grnhse
https://jobs.lever.co/talkiatry/3830fb88-7485-47fc-ae43-ce31c7d5eab5/apply,Director of Product Marketing,Talkiatry,180000.0,235000.0,yes,Remote,United States,Senior Level,Full Time,lever
https://apply.workable.com/j/89D6D9E8B2,Director of Product Marketing,Persado,170000.0,200000.0,no,Hybrid,New York or United States,Senior Level,Full Time,workable
https://www.augury.com/careers/8158212002?gh_jid=8158212002,Director of Product Marketing,Augury,230000.0,275000.0,yes,Remote,United States,Senior Level,Full Time,grnhse
https://job-boards.greenhouse.io/styleseat32/jobs/7238213,Director of Product Marketing,StyleSeat,163300.0,236000.0,yes,Remote,United States,Senior Level,Full Time,grnhse
https://job-boards.greenhouse.io/axsometherapeutics/jobs/5644771004,"Senior Product Manager/Associate Director, Consumer Marketing , Psychiatry",Axsome Therapeutics,140000.0,170000.0,no,Onsite,"New York, New York, United States",Senior Level,Full Time,grnhse
https://recruiting.paylocity.com/Recruiting/Jobs/Details/3548919,BWF - Director of Annual Giving,BWF,80000.0,95000.0,yes,Remote,United States,Senior Level,Full Time,paylocity
https://channelmechanics.bamboohr.com/careers/82,VP of Revenue Marketing,Channelscaler,,,yes,Remote,United States,Senior Level,Full Time,bamboohr
https://careers.shiseido.com/job/New-York-Executive-Director%2C-US-Fragrances-NY-10001/1235304401/,"Executive Director, US Fragrances (New York, NY, US)",SHISEIDO,,,no,Hybrid,"New York, New York, United States",Senior Level,Full Time,successfactors
https://alcumus.pinpointhq.com/en/postings/37338b09-f072-485d-b04c-bf645f635ff9,"Group Director, Product Marketing ",Alcumus,,,yes,Remote,United States,Senior Level,Full Time,pinpoint
https://recruiting.paylocity.com/Recruiting/Jobs/Details/3544158,Elixir Technologies - Technical Product Marketing Director,Elixir Technologies,130000.0,150000.0,yes,Remote,United States,Senior Level,Full Time,paylocity
https://jobs.ashbyhq.com/hims-and-hers/11ca6223-9d08-4eeb-9afd-795999fb2064,"Director, Brand Creative Strategy",Hims & Hers,190000.0,260000.0,yes,Remote,United States,Senior Level,Full Time,ashby
https://www.simplepractice.com/careers-list/?gh_jid=5644839004,Senior Director of Product Marketing,SimplePractice,217000.0,270000.0,yes,Remote,United States,Senior Level,Full Time,grnhse
https://job-boards.greenhouse.io/bloomreach/jobs/7248224,"Associate Director, Product Marketing, Platform & Partnerships",Bloomreach,155000.0,185000.0,yes,Remote,United States,Senior Level,Full Time,grnhse
https://ats.rippling.com/swoopishiring/jobs/51ae7217-e830-4dd2-b8ed-b67ba1b9b424,Director of Content & Campaigns,Swoop,130000.0,155000.0,yes,Remote,United States,Senior Level,Full Time,rippling
https://job-boards.greenhouse.io/sonymusic/jobs/8143894002,"Associate Director, Marketing Financial Planning",Sony Music Entertainment US,105000.0,115000.0,no,Onsite,"New York, New York, United States",Mid Level,Full Time,grnhse
https://careers.mccannworldgroup.com/en_US/careers/JobDetail/Search-Director-Freelance/5719,Search Director - Freelance,McCann Worldgroup,,,no,Onsite,"New York, New York, United States",Senior Level,Contract,avature
https://careers.mccannworldgroup.com/en_US/careers/JobDetail/Media-Planning-Director/5724,Media Planning Director,,150000.0,187500.0,no,Onsite,"New York, New York, United States",Senior Level,Full Time,avature
https://careers.mccannworldgroup.com/en_US/careers/JobDetail/Media-Planning-Director/5756,Media Planning Director,,140000.0,185000.0,no,Onsite,"New York City, New York, United States",Senior Level,Full Time,avature
https://careers.mccannworldgroup.com/en_US/careers/JobDetail/Project-Management-Director/5763,Project Management Director,McCann Worldgroup,175000.0,200000.0,no,Hybrid,"New York, New York, United States",Senior Level,Full Time,avature
https://twitter.wd5.myworkdayjobs.com/x/job/New-York-City-NY/Director--Creative---Brand-Strategy_R101274,"Director, Creative & Brand Strategy",X,200000.0,297000.0,no,Onsite,"New York City, New York, United States",Senior Level,Full Time,workday
https://careers-nafinc.icims.com/jobs/7500/job?utm_source=hiringcafe_integration&iis=Job%20Board&iisn=HiringCafe,SEO Director,New American Funding,120000.0,130000.0,yes,Remote,United States,Senior Level,Full Time,icims
https://job-boards.greenhouse.io/saltxc/jobs/4890918007,Account Director,SALT XC,,,no,Hybrid,"New York City, New York, United States",Senior Level,Full Time,grnhse
https://sgu.csod.com/ux/ats/careersite/7/home/requisition/1614?c=sgu,"Associate Director, MarTech & Retention Marketing",St. George's University,142800.0,168000.0,no,Onsite,"Great River, New York, United States",Senior Level,Full Time,csod
https://job-boards.greenhouse.io/scorpionenterprisesllc/jobs/4904670008,Director of Account Management,"Scorpion Enterprises, LLC",110000.0,130000.0,yes,Remote,United States,Senior Level,Full Time,grnhse
https://job-boards.greenhouse.io/scorpionenterprisesllc/jobs/4904754008,Director of Account Management,"Scorpion Enterprises, LLC",110000.0,130000.0,yes,Remote,United States or United States or United States or United States or United States or United States,Senior Level,Full Time,grnhse
https://job-boards.greenhouse.io/springhealth66/jobs/4607238005,"Director, Member Engagement Strategy",Spring Health,173110.0,216390.0,no,Hybrid,"New York City, New York, United States",Senior Level,Full Time,grnhse
https://job-boards.greenhouse.io/springhealth66/jobs/4607338005,"Senior Director, Member Growth",Spring Health,199090.0,248860.0,no,Hybrid,"New York City, New York, United States",Senior Level,Full Time,grnhse
https://apply.workable.com/j/72EF714367,Search Acquisition Director,Jump 450,100000.0,150000.0,yes,Remote,United States,Senior Level,Full Time,workable
https://apply.workable.com/j/BBE330DB5C,Cross-Channel Growth Director (Retail Brand),Jump 450,135000.0,135000.0,yes,Remote,"New York City, New York, United States",Senior Level,Full Time,workable
https://transunion.wd5.myworkdayjobs.com/transunion/job/Chicago-Illinois/Senior-Director-Product-Marketing-Platform--Partners--and-Integrations_19036989,"Senior Director Product Marketing Platform, Partners, and Integrations",Transunion,166800.0,250000.0,no,Hybrid,Chicago or New York or Reston,Senior Level,Full Time,workday
https://transunion.wd5.myworkdayjobs.com/transunion/job/New-York-New-York/Sales-Director---Marketing-Solutions---DiMe_19037163,Sales Director - Marketing Solutions - Diversified Markets,TransUnion,94000.0,148000.0,yes,Remote,"New York, New York, United States",Senior Level,Full Time,workday
https://transunion.wd5.myworkdayjobs.com/transunion/job/Chicago-Illinois/Senior-Director--Mortgage-Market-Development_19037026,"Senior Director, Mortgage Market Development",TransUnion,166800.0,250000.0,yes,Remote,Chicago or United States,Senior Level,Full Time,workday
https://www.vumedi.com/public/pages/job/?gh_jid=7177388003,Director of Solutions,Vumedi Inc.,,,yes,Remote,United States,Senior Level,Full Time,grnhse
https://jobs.eu.lever.co/amicustherapeutics/cef772ce-cd6c-4fa7-8c62-9a90ad06b4ed/apply,Senior Director Key Opinion Leader Engagement & Marketing,Amicus Therapeutics,,,yes,Remote,United States,Senior Level,Full Time,eu_lever
https://jobs.commscope.com/job/Virtual-Sr_-Director%2C-Product-Marketing-Othe/1323437500/,"Sr. Director, Product Marketing (Virtual, Other, United States)",CommScope | now meets next,,,yes,Remote,United States,Senior Level,Full Time,successfactors
https://jobs.commscope.com/job/Virtual-Director%2C-Market-Development-K-12-Edu-1-Othe/1324765100/,"Director, Market Development K-12 Edu 1 (Virtual, Other, United States)",CommScope,177400.0,300000.0,yes,Remote,United States,Senior Level,Full Time,successfactors
https://disney.wd5.myworkdayjobs.com/disneycareer/job/New-York-NY-USA/Director--Ad-Sales-Marketing---Partnerships--Distribution-_10127213-1,"Director, Ad Sales Marketing & Partnerships (Distribution)",Disney,165900.0,233000.0,no,Hybrid,New York or Los Angeles or Seattle or Chicago or Bristol,Senior Level,Full Time,workday
https://capitalone.wd12.myworkdayjobs.com/capital_one/job/McLean-VA/Director--Data-Engineering---Marketing-Data-Platform_R225578,"Director, Data Engineering - Marketing Data Platform",Capitalone,239900.0,328500.0,no,Hybrid,McLean or New York or Richmond,Senior Level,Full Time,workday
https://jobs.lever.co/noodle/bc5b7cc4-b374-45f9-a448-353758535eea/apply,"Director, Brand and Content Strategy",Noodle,,,yes,Remote,United States,Senior Level,Full Time,lever
https://careers.nypa.gov/job/White-Plains-Director%2C-Integrated-Media-&-Marketing-Community-Development-NY-10601/1317114700/,"Director, Integrated Media & Marketing - Community Development (White Plains, US)",NYPA Home,154000.0,200000.0,no,Onsite,"White Plains, New York, United States",Senior Level,Full Time,successfactors
https://careers.nypa.gov/job/White-Plains-Director%2C-Digital-Strategy-NY-10601/1305210600/,"Director, Digital Strategy (White Plains, US)",NYPA Home,146000.0,200200.0,no,Onsite,"White Plains, New York, United States",Senior Level,Full Time,successfactors
https://careers.nypa.gov/job/White-Plains-Senior-Director%2C-Integrated-Media-&-Marketing-NY-10601/1305207900/,"Senior Director, Integrated Media & Marketing (White Plains, US)",NYPA Home,175000.0,225000.0,no,Onsite,"White Plains, New York, United States",Senior Level,Full Time,successfactors
https://kohls.wd1.myworkdayjobs.com/kohlscareers/job/Kohls-Corporate-Offices-0900/Director-of-Engineering---Marketing-Technology_R432174-1,Director of Engineering – Marketing Technology,Kohls,,,yes,Remote,United States,Senior Level,Full Time,workday
https://apply.workable.com/j/F46FED3B55,Director of Operations & Strategy,AvantStay,120000.0,130000.0,yes,Remote,United States,Senior Level,Full Time,workable
https://axp.taleo.net/careersection/2/jobdetail.ftl?job=25015368&lang=en,"Director, Category Management - Marketing & Promotions",American Express,130000.0,205000.0,no,Hybrid,"New York City, New York, United States",Senior Level,Full Time,taleo_careersection
https://careers-puttery.icims.com/jobs/6714/job?utm_source=hiringcafe_integration&iis=Job%20Board&iisn=HiringCafe,Director of Partnerships & Activations,Puttery,90000.0,100000.0,no,Onsite,"New York, New York, United States",Senior Level,Full Time,icims
https://careers-driveshack.icims.com/jobs/6714/job?utm_source=hiringcafe_integration&iis=Job%20Board&iisn=HiringCafe,Director of Partnerships & Activations,Drive Shack Inc.,90000.0,100000.0,no,Onsite,"New York, New York, United States",Mid Level,Full Time,icims
https://job-boards.greenhouse.io/goodwaygroup/jobs/5645893004,"Associate Director, Client Experience",Goodway Group,,,yes,Remote,United States,Senior Level,Full Time,grnhse
https://job-boards.greenhouse.io/goodwaygroup/jobs/5650766004,Associate Media Director,Goodway Group,,,yes,Remote,United States or North America,Senior Level,Full Time,grnhse
https://career8.successfactors.com/career?career_ns=job_listing&company=MoodysProd&career_job_req_id=10425,Let's begin! Director - Events & Outreach - Regional Programs (10425),Moody's Corporation,134400.0,194850.0,no,Onsite,"New York, New York, United States",Senior Level,Full Time,successfactors
https://career8.successfactors.com/career?career_ns=job_listing&company=MoodysProd&career_job_req_id=10424,Let's begin! Director - Strategic Events & Outreach (10424),Moody's Corporation,134400.0,194850.0,no,Onsite,"New York City, New York, United States",Senior Level,Full Time,successfactors
https://apply.workable.com/j/38BC6BA99A,Group Account Director - Pharma,SPCSHP,150000.0,200000.0,no,Onsite,"New York, New York, United States",Senior Level,Full Time,workable
https://jobs.jobvite.com/theopusgroup/job/oAfMxfwS?nl=1&fr=true,Strategy Director,The Opus Group,130000.0,165000.0,yes,Remote,United States,Senior Level,Full Time,jobvite
https://apply.workable.com/j/11A3625719,Brand Director,,,,yes,Remote,United States,Senior Level,Full Time,workable
https://job-boards.greenhouse.io/bursonglobalcareers/jobs/4918101008,"Account Director, Digital, Health & Wellness",Burson,60000.0,140000.0,no,Hybrid,"New York City, New York, United States",Senior Level,Full Time,grnhse
https://jobs.ashbyhq.com/flock%20safety/c1cdacd0-c59e-4ede-b186-2563ccc681f9,Director of Social Media,Flock Safety,175000.0,225000.0,yes,Remote,Denver or Los Angeles or Chicago or San Francisco or Austin or Boston or New York or Atlanta,Senior Level,Full Time,ashby
https://jobs.lever.co/avalerehealth/1ff17bcf-7ff1-4199-8668-f5e660e1b154/apply,"Senior Director, Engagement Strategy",Avalerehealth,135000.0,175000.0,yes,Remote,United States,Senior Level,Full Time,lever
https://www.proofserve.com/careers/4608027005?gh_jid=4608027005,Director of Demand Generation,Proof,,,yes,Remote,United States,Senior Level,Full Time,grnhse
https://homedepot.wd5.myworkdayjobs.com/careerdepot/job/TEXAS---VIRTUAL---TX01/Senior-Director--Technology---Retail-Media--Marketing---Data-Platforms--Remote-_Req156303-1,"Senior Director, Technology - Retail Media, Marketing & Data Platforms (Remote)",Homedepot,240000.0,350000.0,yes,Remote,United States,Senior Level,Full Time,workday
https://ats.comparably.com/api/v1/gh/integraladscience/jobs/7238800?gh_jid=7238800,"Senior Director, Global Events",Integral Ad Science,161000.0,276000.0,no,Hybrid,"New York, New York, United States",Senior Level,Full Time,grnhse
https://job-boards.greenhouse.io/globalizationpartners/jobs/7174536003,Director of Content Strategy,G-P,162400.0,203000.0,yes,Remote,United States,Senior Level,Full Time,grnhse
https://hilton.taleo.net/careersection/hil_corp_ext/jobdetail.ftl?job=COR015CI&lang=en,"Creative Director, Social",Hilton Corporate,130000.0,190000.0,no,Hybrid,McLean or New York,Senior Level,Full Time,taleo_careersection
https://hilton.taleo.net/careersection/hil_corp_ext/jobdetail.ftl?job=COR015BE&lang=en,Director Lifestyle F&B Brands Experience & Strategy,Hilton,110000.0,175000.0,no,Onsite,"New York, New York, United States",Senior Level,Full Time,taleo_careersection
https://careers.fitch.group/job/New-York-Director%2C-Podcast-Content-Strategy-and-Publicity-NY-10001/1247853701/,"Director, Podcast Content Strategy and Publicity (New York, NY, US)",Fitch Group,150000.0,200000.0,no,Hybrid,"New York, New York, United States",Senior Level,Full Time,successfactors
https://careers.fitch.group/job/New-York-Senior-Director%2C-Non-Bank-Financial-Institutions-Business-Relationship-Management-team-NY-10001/1220882201/,"Senior Director, Non-Bank Financial Institutions Business Relationship Management team (New York, NY, US)",Fitch Group,150000.0,200000.0,no,Hybrid,"New York City, New York, United States",Senior Level,Full Time,successfactors
https://careers.fitch.group/job/New-York-Director%2C-Non-Bank-Financial-Institutions-Business-Relationship-Management-team-NY-10001/1220877201/,"Director, Non-Bank Financial Institutions Business Relationship Management team (New York, NY, US)",Fitch Group,150000.0,200000.0,no,Hybrid,"New York, New York, United States",Senior Level,Full Time,successfactors
https://careers.fitch.group/job/New-York-DirectorSenior-Director-Structured-Finance-Business-Relationship-Management-NY-10001/1241862401/,"Director/Senior Director - Structured Finance Business Relationship Management (New York, NY, US)",Fitch Group,135000.0,225000.0,no,Hybrid,"New York, New York, United States",Senior Level,"Full Time, Contract, Internship, Temporary, Seasonal, Volunteer, Part Time",successfactors
https://cibc.wd3.myworkdayjobs.com/search/job/New-York-NY/Director--US-TMT-Corporate-Banking_2520147,"Director, U.S. TMT Corporate Banking",CIBC,200000.0,200000.0,no,Onsite,"New York, New York, United States",Senior Level,"Full Time, Part Time, Contract, Internship, Temporary, Seasonal, Volunteer",workday
https://recruiting.paylocity.com/Recruiting/Jobs/Details/3569058,Project Lead The Way - Senior Director of Product and Partner Marketing,Project Lead The Way,,,yes,Remote,United States,Senior Level,Full Time,paylocity
https://careers.theheinekencompany.com/HeinekenUSA/job/White-Plains%2C-New-York-Senior-Brand-Director-NY-10601/1244715801/,"Senior Brand Director (White Plains, New York, NY, US, 10601)",Age Gate - THC | The HEINEKEN Company,,,no,Onsite,"White Plains, New York, United States",Senior Level,Full Time,successfactors
https://jobs.lever.co/wpromote/a74453d3-1bfa-4114-9d10-f220676a9bbd/apply,"Associate Director, Organic Social",Wpromote,98000.0,110000.0,yes,Remote,United States,Senior Level,Full Time,lever
https://jobs.lever.co/wpromote/a16673b4-bdf2-45c3-b5e7-962faea3925c/apply,"Director, Agency Sales",Wpromote,108000.0,145000.0,yes,Remote,United States,Senior Level,Full Time,lever
https://wearehuman8.pinpointhq.com/en/postings/21bbb502-67e9-4a1a-90f8-f6b1e259f8a8,"Director, Client Consulting",Human8,140000.0,140000.0,yes,Remote,"New York City, New York, United States",Senior Level,Full Time,pinpoint
https://zetaglobal.com/jobs/jobs-at-zeta-global?gh_jid=5639622004,"Associate Director, Paid Social",Zeta Global,80000.0,115000.0,no,Hybrid,New York City or Fort Lauderdale or United States,Mid Level,Full Time,grnhse
https://job-boards.greenhouse.io/affirm/jobs/6723232003,"Director, Social & Community",Affirm,191000.0,271000.0,yes,Remote,United States or Canada,Senior Level,Full Time,grnhse
https://job-boards.greenhouse.io/later/jobs/8157873002,"Director, Paid Social",Later,140000.0,170000.0,no,Hybrid,Boston or Chicago or Los Angeles or New York or Remote,Senior Level,Full Time,grnhse
https://job-boards.greenhouse.io/later/jobs/8148702002,Director of Partnerships,Later,100000.0,125000.0,yes,Remote,Boston or Vancouver or United States,Senior Level,Full Time,grnhse
https://job-boards.greenhouse.io/later/jobs/8162337002,Director of Talent Partnerships,Later,150000.0,150000.0,yes,Remote,Boston or Chicago or Massachusetts or Illinois or United States or Canada or Washington,Senior Level,Full Time,grnhse
https://medline.wd5.myworkdayjobs.com/medline/job/REMOTE--Florida/Market-Sales-Director_R2514043-1,Market Sales Director,"Medline Industries, LP",115440.0,173160.0,yes,Remote,United States,Senior Level,Full Time,workday
https://jobs.jobvite.com/the-mars-agency/job/o7tExfwv?nl=1&fr=true,"Director, Data Science",Mars United Commerce,132715.0,208840.0,no,Hybrid,Chicago or New York,Senior Level,Full Time,jobvite
https://swing-left.breezy.hr/p/92e7b7ea410b-senior-director-of-editorial-digital-campaigns,Senior Director of Editorial & Digital Campaigns,Swing Left and Vote Forward,125000.0,130000.0,yes,Remote,United States,Senior Level,Full Time,breezy
https://swing-left.breezy.hr/p/4329edebda8d-director-of-social-media-creative,Director of Social Media & Creative,Swing Left and Vote Forward,110000.0,115000.0,yes,Remote,United States,Senior Level,Full Time,breezy
https://condenast.wd5.myworkdayjobs.com/condecareers/job/1-World-Trade-Center-New-York-NY/Senior-Commerce-Director--Glamour_R-21494-1,"Senior Commerce Director, Glamour",Condenast,150000.0,165000.0,no,Onsite,"New York, New York, United States",Senior Level,Full Time,workday
https://condenast.wd5.myworkdayjobs.com/condecareers/job/1-World-Trade-Center-New-York-NY/Health---Fitness-Director--SELF_R-21265-2,"Health & Fitness Director, SELF",Condé Nast,110000.0,135000.0,no,Onsite,"New York, New York, United States",Senior Level,Full Time,workday
https://job-boards.greenhouse.io/mergeworld/jobs/7241504,"Sr. Director, Program Management (Life Sciences Marketing)",MERGE,129000.0,154000.0,no,Hybrid,"New York, New York, United States",Senior Level,Full Time,grnhse
https://job-boards.greenhouse.io/mergeworld/jobs/7224097,"Sr. Director, Program Management (Life Sciences Marketing)",MERGE,114000.0,138000.0,no,Hybrid,Atlanta or Boston or Chicago or Denver or Kansas City or Montreal or New York City or Los Angeles,Senior Level,Full Time,grnhse
https://therapybrands.wd1.myworkdayjobs.com/ensorahealth/job/Remote---Massachusetts/Director-of-Revenue-Operations_R343,Director of Revenue Operations,Therapybrands,,,yes,Remote,United States,Senior Level,Full Time,workday
https://recruiting.paylocity.com/Recruiting/Jobs/Details/3545127,"Digital Envoy, Inc - Product Director","Digital Envoy, Inc",,,yes,Remote,United States,Senior Level,Full Time,paylocity
https://apply.workable.com/j/EFB3AA449A,Director of Performance Creative,Nood,180000.0,180000.0,yes,Remote,"New York, New York, United States",Mid Level,Full Time,workable
https://job-boards.greenhouse.io/keplergroup/jobs/7238239,Integrated Agency Account Director,Kepler Group,140000.0,173000.0,no,Hybrid,"New York, New York, United States",Senior Level,Full Time,grnhse
https://job-boards.greenhouse.io/imre/jobs/4903980008,"Associate Director, Brand Strategy",imre,100000.0,130000.0,no,Hybrid,New York or Philadelphia,Senior Level,Full Time,grnhse
https://apply.workable.com/j/EAAF3A5D60,"Group Director, Client Lead",Noble People,190000.0,205000.0,no,Onsite,"New York, New York, United States",Senior Level,Full Time,workable
https://jobs.gainwelltechnologies.com/job/Any-city-Director%2C-Provider-Technology-and-Innovation-Strategy-CO-99999/1308012000/,"Director, Provider Technology and Innovation Strategy (Any city, CO, US, 99999)",Gainwell Technologies: Public Health Services and Solutions,137100.0,195800.0,yes,Remote,United States,Senior Level,Full Time,successfactors
https://workforcenow.adp.com/mascsr/default/mdf/recruitment/recruitment.html?cid=ec7ee775-68fd-42a7-89a5-d8e1ff330cbf&jobId=574995,"T1 Director, Advertising Media",undefined,130000.0,130000.0,no,Onsite,Silver Spring or New York,Senior Level,Full Time,adp
https://jobs.jobvite.com/neilpateldigital/job/oU1LxfwX?nl=1&fr=true,"Associate Director, Paid Search",NP Digital,120000.0,135000.0,yes,Remote,United States,Senior Level,Full Time,jobvite
https://careers-belardiwong.icims.com/jobs/1482/director%2c-paid-search%2c-digital-strategy/job,"Director, Paid Search, Digital Strategy",Belardi Wong,,,yes,Remote,United States,Senior Level,Full Time,icims
https://job-boards.greenhouse.io/found/jobs/4606330005,"Director, Paid Media (User Acquisition)",Found,,,yes,Remote,United States,Senior Level,Full Time,grnhse
https://www.nanit.com/pages/careers?gh_jid=5648074004,"Director, Brand Engagement & Content",Nanit,150000.0,160000.0,no,Hybrid,"New York, New York, United States",Senior Level,Full Time,grnhse
https://uscareers2-asm.icims.com/jobs/436913/associate-director%2c-social-media/job,"Associate Director, Social Media",Advantage Solutions,77500.0,100800.0,no,Onsite,Boston or New York or Chicago or Los Angeles,Senior Level,Full Time,icims
https://adobe.wd5.myworkdayjobs.com/external_experienced/job/Remote-New-York/Enterprise-Account-Director---Mfg_R154282,Enterprise Account Director - Mfg.,Adobe,,,yes,Remote,New York or Colorado,Senior Level,Full Time,workday
https://adobe.wd5.myworkdayjobs.com/external_experienced/job/New-York/Enterprise-Account-Director_R158365,Enterprise Account Director,Adobe,256000.0,422600.0,no,Hybrid,New York or Connecticut or Pennsylvania or Massachusetts,Senior Level,Full Time,workday
https://adobe.wd5.myworkdayjobs.com/external_experienced/job/New-York/Enterprise-Account-Director_R159526,Enterprise Account Director,Adobe,256000.0,422600.0,no,Hybrid,New York or Atlanta,Senior Level,Full Time,workday
https://adobe.wd5.myworkdayjobs.com/external_experienced/job/New-York/Technical-Account-Director_R159072-1,Technical Account Director,Adobe,134600.0,243100.0,no,Onsite,New York or Waltham or McLean or Atlanta or Chicago,Senior Level,Full Time,workday
https://jobs.jobvite.com/opus/job/oAfMxfwS?nl=1&fr=true,Strategy Director,Opus Agency,130000.0,165000.0,yes,Remote,United States,Senior Level,Full Time,jobvite
https://job-boards.greenhouse.io/obexp/jobs/8165894002,Account Director,On Board Experiential,100000.0,150000.0,no,Hybrid,"New York City, New York, United States",Senior Level,Full Time,grnhse
https://job-boards.greenhouse.io/obexp/jobs/8165915002,Account Director - Hospitality & Restaurant Lead ,On Board Experiential,100000.0,150000.0,no,Hybrid,"New York City, New York, United States",Senior Level,Full Time,grnhse
https://jobs.ashbyhq.com/directive/ed8206ec-c5a3-4fc3-822a-2c11bb0eac50,"Associate Director, Paid Media (Remote US) - Future Opening",Directive Consulting,100000.0,135000.0,yes,Remote,United States,Senior Level,Full Time,ashby
https://jobs.smartrecruiters.com/CityOfNewYork/3743990009448002-director-of-external-affairs,Director of External Affairs,City of New York,150000.0,165000.0,no,Onsite,"New York City, New York, United States",Senior Level,Full Time,smartrecruiters
https://www.xceptor.com/company/careers/vacancies?gh_jid=4669000101,Key Account Director - Capital Markets/FinTech,Xceptor,140000.0,170000.0,no,Hybrid,"New York, New York, United States",Senior Level,Full Time,grnhse
https://jobs.ashbyhq.com/lemonade/b9a343c5-e3ab-4918-b1ab-6c8e313c0882,Creative Director,Lemonade,150000.0,190000.0,no,Hybrid,"New York City, New York, United States",Senior Level,Full Time,ashby
https://job-boards.greenhouse.io/customerio/jobs/7247103,"Director, Sales ",Customer.io,335000.0,335000.0,yes,Remote,United States or Americas Remote,Senior Level,Full Time,grnhse
https://wf.wd1.myworkdayjobs.com/wellsfargojobs/job/NEW-YORK-NY/Executive-Director_R-489772-1,Executive Director,Wells Fargo,215000.0,355000.0,no,Onsite,"New York, New York, United States",Senior Level,Full Time,workday
https://careers.bbc.co.uk/job/New-York-Director%2C-Retail-Development-10036/828862402/,"Director, Retail Development (New York, US, 10036)",BBC Studios,150000.0,150000.0,no,Hybrid,"New York, New York, United States",Senior Level,Full Time,successfactors
https://job-boards.greenhouse.io/omnicomhealth/jobs/4858243008,"VP, Associate Director, Experience Planning",Omnicom Health,95.0,105.0,no,Hybrid,"New York, New York, United States",Senior Level,Full Time,grnhse
https://career8.successfactors.com/career?career_ns=job_listing&company=sealedaircP1&career_job_req_id=52479,Regional Sales Director - Western Region (52479),,,,yes,Remote,United States or Ohio,Senior Level,Full Time,successfactors
https://cvshealth.wd1.myworkdayjobs.com/cvs_health_careers/job/NY---Work-from-hom/Lead-Director--Enterprise-Social-Media_R0714913,"Lead Director, Enterprise Social Media",Cvshealth,100000.0,231540.0,yes,Remote,United States,Senior Level,Full Time,workday
https://cvshealth.wd1.myworkdayjobs.com/cvs_health_careers/job/Work-At-Home-Illinois/Lead-Director--Proposal-Development---Specialty-Trade-Relations_R0711577,"Lead Director, Proposal Development - Specialty Trade Relations",CVS Health,100000.0,231540.0,yes,Remote,United States,Senior Level,Full Time,workday
https://oaktree.wd1.myworkdayjobs.com/directapply/job/New-York/Managing-Director_2025-366,Managing Director,Oaktree Capital Management,,,no,Onsite,"New York, New York, United States",Senior Level,Full Time,workday
https://oaktree.wd1.myworkdayjobs.com/directapply/job/Los-Angeles/Senior-Vice-President-Managing-Director_2025-370,Senior Vice President/Managing Director,Oaktree Capital Management,275000.0,300000.0,no,Onsite,Los Angeles or New York,Senior Level,Full Time,workday
https://careers.paramount.com/job/New-York-Director%2C-Paid-Media-NY-10036/1322981500/,"Director, Paid Media (New York, NY, US, 10036)",Paramount,,,no,Onsite,"New York, New York, United States",Senior Level,Full Time,successfactors
https://careers-judge.icims.com/jobs/2813/job?utm_source=hiringcafe_integration&iis=Job%20Board&iisn=HiringCafe,Sales Director,The Judge Group,,,yes,Remote,United States,Mid Level,Full Time,icims
https://jobs.smartrecruiters.com/EVERSANA1/744000079801988-senior-art-director-pharma-agency-exp-required-,Senior Art Director (pharma agency exp required),EVERSANA,76000.0,113000.0,yes,Remote,"New York, New York, United States",Mid Level,Full Time,smartrecruiters
https://jobs.ubs.com/TGnewUI/Search/home/HomeWithPreLoad?partnerid=25008&siteid=5012&PageType=JobDetails&jobid=333991,"Associate Director, EM STIR Trader",UBS Group AG,225000.0,275000.0,no,Onsite,"New York, New York, United States",Senior Level,Full Time,brassring
https://jobs.ubs.com/TGnewUI/Search/home/HomeWithPreLoad?partnerid=25008&siteid=5012&PageType=JobDetails&jobid=334366,"Executive Director, Head of Market Risk Control Equities Americas ",UBS Group AG,225000.0,325000.0,no,Onsite,"New York, New York, United States",Senior Level,Full Time,brassring
https://careers-stonex.icims.com/jobs/13152/job?utm_source=hiringcafe_integration&iis=Job%20Board&iisn=HiringCafe,Director - Digital Asset Lending,StoneX Group,150000.0,200000.0,no,Onsite,"New York, New York, United States",Senior Level,Full Time,icims
https://primetherapeutics.wd1.myworkdayjobs.com/primetherapeuticscareers/job/Home/Director--Customer-Experience---Omnichannel_R-15218,"Director, Customer Experience & Omnichannel",Prime Therapeutics LLC,124000.0,211000.0,yes,Remote,United States,Senior Level,Full Time,workday
https://job-boards.greenhouse.io/blockstream/jobs/7219121,"PM Director, Enterprise Solutions",Blockstream,,,yes,Remote,United States,Senior Level,Full Time,grnhse
https://apply.workable.com/j/59D37ECB4B,Director - Social Media Strategy,Bully Pulpit International,110000.0,140000.0,no,Hybrid,"New York, New York, United States",Mid Level,Full Time,workable
https://fico.wd1.myworkdayjobs.com/external/job/Work-from-Home-United-States/Director-of-Scores-Product-Management--Financial-Services-_31048,Director of Scores Product Management (Financial Services),FICO,140000.0,220000.0,yes,Remote,United States,Senior Level,Full Time,workday
https://myjobs.adp.com/ameritasexternal/cx/job-details?reqId=5001148303906,"Director, Specialty Markets",Ameritas,,,yes,Remote,United States,Senior Level,Full Time,adprecruiting
https://workforcenow.adp.com/mascsr/default/mdf/recruitment/recruitment.html?cid=fff9c875-5d25-41c5-a8cb-20515cf5120b&jobId=948144,Director of Communications,undefined,95000.0,125000.0,yes,Remote,United States,Senior Level,Full Time,adp
https://apply.workable.com/j/529477C316,"Director, VPP Operations (Remote, US)",Renew Home,170000.0,205000.0,yes,Remote,United States,Senior Level,Full Time,workable
https://jobs.lever.co/princeton10/d33f63f7-a504-4c6d-b4bb-2345fbcbd847/apply,"Director, Project Management",Princeton10,165000.0,220000.0,yes,Remote,"New York, New York, United States",Senior Level,Full Time,lever
https://acxiomllc.wd5.myworkdayjobs.com/acxiomusa/job/RemoteHomebased/Senior-Director-Partnerships_JR013354,Senior Director Partnerships,Acxiomllc,,,yes,Remote,Conway or United States,Senior Level,Full Time,workday
https://acxiomllc.wd5.myworkdayjobs.com/acxiomusa/job/RemoteHomebased/Client-Partner--Senior-Director_JR013371,"Client Partner, Senior Director",Acxiomllc,,,yes,Remote,Conway or United States,Senior Level,Full Time,workday
https://workforcenow.adp.com/mascsr/default/mdf/recruitment/recruitment.html?cid=c5e8e933-6249-44f0-993e-e73ca511ec4b&jobId=564830,Sales Director - Amazon.com,Just Play,,,yes,Remote,Boca Raton or United States,Senior Level,Full Time,adp
https://jobs.lever.co/brightwheel/06c1abc5-e9a9-4828-adb9-a018e0de64b0/apply,"Go-To-Market Director, Education",Brightwheel,171000.0,244000.0,yes,Remote,United States,Senior Level,Full Time,lever
https://bmo.wd3.myworkdayjobs.com/external/job/New-York-NY-USA/Director--Commodities-Trading-Risk-Strategy--Global-Markets_R250023205-1,"Director, Commodities Trading Risk Strategy, Global Markets",BMO Financial Group,,,no,Onsite,"New York, New York, United States",Senior Level,Full Time,workday
https://jobs.lever.co/dscout/b5adfd4b-c7b0-435f-960f-720a6d52066f/apply,Account Director (US),Dscout,,,yes,Remote,United States,Senior Level,Full Time,lever
https://recruiting.paylocity.com/Recruiting/Jobs/Details/3550546,Good Sportsman Marketing LLC - Director of DevOps/AWS,Good Sportsman Marketing LLC,,,yes,Remote,United States,Senior Level,Full Time,paylocity
https://ats.rippling.com/purespectrum/jobs/1e4f50f3-3279-47df-8d73-da005f04bd7a,"Sales Director, North America",PureSpectrum,,,yes,Remote,United States,Senior Level,Full Time,rippling
https://recruiting.ultipro.com/uni1046ufmb/JobBoard/d8f90aad-672e-4f0a-bbc1-a17aa8cf1111/OpportunityDetail?opportunityId=1cfd4841-7680-4e09-9082-187c265237a8,Associate Director- Equipment Finance Capital Markets (Remote),Atlantic Union Bank,103046.0,171947.0,yes,Remote,United States or United States or United States or United States,Mid Level,Full Time,ultipro
https://apply.workable.com/j/CECCCF5F36,VP - Research Director Manhattan,Healthcare Research Worldwide,,,no,Hybrid,"New York, New York, United States",Senior Level,Full Time,workable
https://www.pinterestcareers.com/job-form?gh_jid=7233237,"Sr. Director, North America Agency Sales",Pinterest,232841.7,462560.0,no,Hybrid,"New York, New York, United States",Senior Level,Full Time,grnhse
https://jobs.lever.co/bisnow/20e193e2-6974-4305-9cd4-2ce7253e9198/apply,Director of Capital Markets,Bisnow,200000.0,275000.0,no,Onsite,"New York City, New York, United States",Senior Level,Full Time,lever
https://wsd.bamboohr.com/careers/198,Sales Director – Financial Institutions,Wallstreetdocs Ltd,,,no,Onsite,"New York, New York, United States",Senior Level,Full Time,bamboohr
https://genedx.com/careers/openings?gh_jid=4608999005,"Director, Market Access - West",GeneDx,210000.0,225000.0,yes,Remote,United States,Senior Level,Full Time,grnhse
https://job-boards.greenhouse.io/impiricus/jobs/4906554008,Sales Director (Pharma / HealthTech),Impiricus,,,yes,Remote,United States,Senior Level,Full Time,grnhse
https://material.wd1.myworkdayjobs.com/material_external_career_site/job/Los-Angeles/Director--Insights---Quantitative_JR101627,"Director, Insights - Quantitative",Material,90000.0,110000.0,no,Hybrid,Los Angeles or New York,Senior Level,Full Time,workday
https://material.wd1.myworkdayjobs.com/material_external_career_site/job/New-York/Director--Insights---Qualitative--Gaming---Entertainment_JR101620,"Director, Insights – Qualitative, Gaming & Entertainment",Material,100000.0,125000.0,no,Hybrid,New York or Oakland or Los Angeles,Senior Level,Full Time,workday
https://job-boards.greenhouse.io/clear/jobs/7220903,"Director, CRM & Personalization",CLEAR - Corporate,150000.0,180000.0,no,Onsite,"New York, New York, United States",Senior Level,Full Time,grnhse
https://lovevery.breezy.hr/p/c8dfb66e933d-director-regulatory-compliance,"Director, Regulatory Compliance",Lovevery,,,yes,Remote,United States,Senior Level,Full Time,breezy
https://jobs.smartrecruiters.com/TheNielsenCompany/3743990009290436-director-agency-sales,"Director, Agency Sales",The Nielsen Company,128700.0,239140.0,yes,Remote,"New York, New York, United States",Senior Level,Full Time,smartrecruiters
https://jobs.jobvite.com/biomarin-internal/job/ooSYwfwu?nl=1&fr=true,"Associate Director, Commercial & Marketing (in Biotech / Pharma), Procurement",BioMarin Pharmaceutical Inc,,,yes,Remote,United States,Senior Level,Full Time,jobvite
https://pvh.wd1.myworkdayjobs.com/pvh_careers/job/New-York-NY-Calvin-Klein-Office/Director---CK-Collection-and-VM-Production---Calvin-Klein_R54374,Director – CK Collection and VM Production - Calvin Klein,Pvh,143200.0,193300.0,no,Onsite,"New York, New York, United States",Senior Level,Full Time,workday
https://www.chronograph.pe/jobs/?gh_jid=4854370007,"Associate Director / Director, Client Development - Private Equity (LP)",Chronograph,150000.0,300000.0,no,Hybrid,"Brooklyn, New York, United States",Senior Level,Full Time,grnhse
https://fa-evax-saasfaprod1.fa.ocs.oraclecloud.com/hcmUI/CandidateExperience/en/sites/CX/requisitions/job/151885,"Director of Sales - Luxury, Lifestyle & Managed Hotels (US Remote)",IHG,100000.0,120000.0,yes,Remote,United States,Senior Level,Full Time,oraclecloud
https://inmar.wd1.myworkdayjobs.com/inmarcareers/job/6125---New-York-NY/Sales-Director--Brand-Sales_JY2526521,"Sales Director, Brand Sales",Inmar,101145.38,168575.63,yes,Remote,"New York, New York, United States",Senior Level,Full Time,workday
https://nexstar.wd5.myworkdayjobs.com/nexstar/job/TX-Irving/Regional-Director--Digital-Sales_REQ-37736,"Regional Director, Digital Sales",Nexstar Media Group,180000.0,225000.0,no,Onsite,Irving or Los Angeles or New York or Washington or Chicago,Senior Level,Full Time,workday
https://careers.brightviewseniorliving.com/jobs/9166/job?utm_source=hiringcafe_integration&iis=Job%20Board&iisn=HiringCafe,Community Sales Director,"Brightview Senior Living, LLC",120000.0,180000.0,no,Onsite,"Harrison, New York, United States",Senior Level,Full Time,icims
https://myjobs.adp.com/bessemer/cx/job-details?reqId=5001143114006,"Director, Alternatives Advisory",Bessemer Trust,260000.0,330000.0,no,Hybrid,New York or United States,Senior Level,Full Time,adprecruiting
https://jobs.ashbyhq.com/horizon3ai/cccf8246-23c2-4eb1-a0b6-89947c763297,"Director, Mid-Market Sales",Horizon3 AI,275000.0,350000.0,yes,Remote,United States,Mid Level,Full Time,ashby
https://apply.workable.com/j/30F15B772F,"Sales Director, North America",InfoSum,150000.0,160000.0,no,Hybrid,"New York, New York, United States",Senior Level,Full Time,workable
https://dowjones.wd1.myworkdayjobs.com/storyful_careers/job/NYC---1211-Ave-of-the-Americas/Account-Director--Client-Development---Strategy_Job_Req_48715,"Account Director, Client Development & Strategy",Dowjones,110000.0,145000.0,no,Hybrid,"New York City, New York, United States",Senior Level,Full Time,workday
https://careers-cordobacorp.icims.com/jobs/2523/job?utm_source=hiringcafe_integration&iis=Job%20Board&iisn=HiringCafe,Director of Proposal Pursuit,Cordoba Corporation,130000.0,180000.0,yes,Remote,United States,Senior Level,Full Time,icims
https://job-boards.greenhouse.io/axial/jobs/4919280008,"Director, Sell-Side",Axial,300000.0,375000.0,no,Hybrid,"New York, New York, United States",Senior Level,Full Time,grnhse
https://td.wd3.myworkdayjobs.com/td_bank_careers/job/New-York-New-York/Director--HR-TD-Securities--US-_R_1431155,"Director, HR TD Securities (US)",Td,175000.0,240000.0,no,Hybrid,"New York City, New York, United States",Senior Level,Full Time,workday
https://myjobs.adp.com/harmonyseniorservicescareers/cx/job-details?reqId=5001146742500,Regional Director of Sales,Harmony Senior Services,,,yes,Remote,United States,Senior Level,Full Time,adprecruiting
https://vfc.wd5.myworkdayjobs.com/timberland_careers/job/USCA--USA--New-York--New-York-Showroom---TBL/Timberland--Senior-Art-Director_R-20250905-0007,Timberland: Senior Art Director,VF Corporation,96800.0,121000.0,no,Onsite,"New York, New York, United States",Senior Level,Full Time,workday
https://job-boards.greenhouse.io/demandbase/jobs/7230684,"Growth Account Director, Mid-Market",Demandbase,76000.0,114000.0,yes,Remote,United States,No Prior Experience Required,Full Time,grnhse
https://vfc.wd5.myworkdayjobs.com/vfc_careers/job/USCA--USA--New-York--New-York-Showroom---TBL/Timberland--Senior-Art-Director_R-20250905-0007-1,Timberland: Senior Art Director,Vfc,96800.0,121000.0,no,Onsite,"New York, New York, United States",Senior Level,Full Time,workday
https://job-boards.greenhouse.io/babylist/jobs/5637699004,"Director, Strategic Partnerships",Babylist,139440.0,209160.0,yes,Remote,United States,Senior Level,Full Time,grnhse
https://agilitas.wd5.myworkdayjobs.com/lmc/job/Syracuse-NY/Assistant-Director--Graduate-Admissions_JR100192,"Assistant Director, Graduate Admissions",Agilitas,57200.0,68640.0,no,Onsite,"Syracuse, New York, United States",Mid Level,Full Time,workday
https://job-boards.greenhouse.io/evergreennephrology/jobs/4608295005,Market Operations Implementation Director (VBC),Evergreen Nephrology,150000.0,180000.0,yes,Remote,United States,Senior Level,Full Time,grnhse
https://iheartmedia.wd5.myworkdayjobs.com/ihm_programming_operations_site/job/Virtual-CA/Director--Digital-Music_Req36846,"Director, Digital Music",Iheartmedia,64001.6,79996.8,no,Hybrid,Virtual or Medford or Philadelphia or Dallas or Atlanta or Houston or Los Angeles or Phoenix or Chicago or New York City or Nashville or San Francisco or Washington,Senior Level,Full Time,workday
https://jpmc.fa.oraclecloud.com/hcmUI/CandidateExperience/en/sites/CX/requisitions/job/210666891,Public Relations & Communications Director,598943-PROPRIETARY WALLETS_PROJACCL_HYD,156750.0,245000.0,no,Onsite,"New York, New York, United States",Senior Level,Full Time,oraclecloud
https://jpmc.fa.oraclecloud.com/hcmUI/CandidateExperience/en/sites/CX/requisitions/job/210665340,Digital Markets - Markets CRM Product - Executive Director,189174-INVESTMENT TECHNOLOGY-NY/DE,152000.0,350000.0,no,Onsite,"New York, New York, United States",Senior Level,Full Time,oraclecloud
https://jpmc.fa.oraclecloud.com/hcmUI/CandidateExperience/en/sites/CX/requisitions/job/210666755,"J.P. Morgan Wealth Management - Select Market Director of Wealth - Mineola/Rockville Centre, NY",598943-PROPRIETARY WALLETS_PROJACCL_HYD,235000.0,285000.0,no,Onsite,Mineola or Rockville Centre,Senior Level,Full Time,oraclecloud
https://jpmc.fa.oraclecloud.com/hcmUI/CandidateExperience/en/sites/CX/requisitions/job/210647999,Asset Management - Data Scientist Lead - Executive Director,598943-PROPRIETARY WALLETS_PROJACCL_HYD,161500.0,285000.0,no,Onsite,"New York, New York, United States",Senior Level,Full Time,oraclecloud
https://apply.workable.com/j/CC00966C0B,Senior Discord Campaign Director,Wildfire,85000.0,100000.0,yes,Remote,United States or Canada,Senior Level,Full Time,workable
https://careers-mlssoccer.icims.com/jobs/2186/job?utm_source=hiringcafe_integration&iis=Job%20Board&iisn=HiringCafe,"Director, Club Sponsorships (Temporary Role)",Major League Soccer,135200.0,156000.0,no,Onsite,"New York, New York, United States",Senior Level,Temporary,icims
https://jobs.ashbyhq.com/coursecareers/f78b7fc2-a9d8-4dd7-864f-5821ca318ae4,YouTube Producer & Creative Director,CourseCareers,45000.0,100000.0,yes,Remote,United States,Mid Level,Full Time,ashby
https://job-boards.greenhouse.io/hcesquared/jobs/5646983004,"Director, Market Research & Product Solutions",HCEsquared,,,yes,Remote,United States,Senior Level,Full Time,grnhse
https://blumira.com/careers/?gh_jid=5646188004,Director of Revenue Operations,Blumira,170000.0,185000.0,yes,Remote,United States,Senior Level,Full Time,grnhse
https://jobs.smartrecruiters.com/AECOM2/744000081678681-principal-director-of-interiors-ny,"Principal Director of Interiors, NY",AECOM,190000.0,250000.0,no,Hybrid,Latham or New York City,Mid Level,Full Time,smartrecruiters
https://vhr_unither.wd5.myworkdayjobs.com/external/job/Remote--US/National-Director--Therapy-Access_R04354,"National Director, Therapy Access",United Therapeutics Corporation,212000.0,305000.0,yes,Remote,Research Triangle Park or United States,Senior Level,Full Time,workday
https://job-boards.greenhouse.io/nexxen/jobs/8169850002,Senior Sales Director (Influencer Sales),Nexxen,140000.0,160000.0,no,Hybrid,"New York, New York, United States",Senior Level,Full Time,grnhse
https://jobs.smartrecruiters.com/NielsenIQ/744000080878990-associate-sales-director-financial-services,"Associate Sales Director, Financial Services",NielsenIQ,93800.0,110000.0,no,Onsite,"New York, New York, United States",Mid Level,Full Time,smartrecruiters
https://jobs.smartrecruiters.com/NielsenIQ/744000082102565-director-of-sales-financial-services-team-,Director of Sales (Financial Services Team),NielsenIQ,117250.0,137500.0,yes,Remote,"New York, New York, United States",Mid Level,Full Time,smartrecruiters
https://job-boards.greenhouse.io/deepintent/jobs/5651295004,"Sr Director, Agency Partnerships ",DeepIntent,170000.0,200000.0,no,Hybrid,"New York, New York, United States",Senior Level,Full Time,grnhse
https://jobs.ashbyhq.com/vanta/62d44d92-2304-4d3b-acec-74272e726ccc,"Director, Go-to-Market Systems",Vanta,218000.0,257000.0,yes,Remote,United States,Senior Level,Full Time,ashby
https://jobs.lever.co/nium/4fe7f11a-b07a-49d6-894c-f0d8ed9e2f0c/apply,Director - Market Expansion,Nium,,,no,Hybrid,New York City or London,Senior Level,Full Time,lever
https://job-boards.greenhouse.io/mettel/jobs/4600161006,Regional Director of Agent Channel - West Coast,MetTel,,,yes,Remote,United States,Senior Level,Full Time,grnhse
https://recruiting.paylocity.com/Recruiting/Jobs/Details/3574590,Director of Subscription Growth,VisualDx,140000.0,160000.0,yes,Remote,Arizona or Florida or Georgia or Illinois or Indiana or Louisiana or Massachusetts or Maryland or Michigan or Minnesota or North Carolina or New Jersey or New York or Rhode Island or Virginia or Texas,Senior Level,Full Time,paylocity
https://apply.mottmac.com/job/New-York-Client-Director-Rail-NYC-NY-10001/829287202/,"Client Director - Rail NYC (New York, NY, US)",Mott MacDonald,185000.0,227000.0,no,Hybrid,"New York, New York, United States",Senior Level,Full Time,successfactors
https://jobs.lever.co/megaport/c0ff0e9f-b316-4799-b9dc-1d72335cab69/apply,"Director, Global Business Development",Megaport,,,yes,Remote,United States,Senior Level,Full Time,lever
https://pae.wd1.myworkdayjobs.com/amentum_careers/job/US-VA-Richmond/Director-of-Business-Development_R0145813,Director of Business Development,Pae,,,yes,Remote,Richmond or United States,Senior Level,Full Time,workday
https://takeda.wd3.myworkdayjobs.com/external/job/Massachusetts---Virtual/Associate-Director--Market-Access-Analytics_R0161163,"Associate Director, Market Access Analytics",Takeda,153600.0,241340.0,yes,Remote,United States,Senior Level,Full Time,workday
https://takeda.wd3.myworkdayjobs.com/external/job/Florida---Virtual/Director--Strategic-Account-Management---Southeast-Region_R0161469,"Director, Strategic Account Management - Southeast Region",Takeda,195800.0,269170.0,yes,Remote,United States or United States or United States or United States,Senior Level,Full Time,workday
https://job-boards.greenhouse.io/minio/jobs/4892469008,Federal Partner Sales Director,MinIO,,,yes,Remote,Washington or United States,Senior Level,Full Time,grnhse
https://jobs.supermicro.com/job/New-York-Sales-Director-1-New/1302105000/,"Sales Director 1 (New York, New York, United States)","Supermicro Data Center Server, Blade, Data Storage, AI System",159000.0,193000.0,no,Onsite,"New York, New York, United States",Senior Level,Full Time,successfactors
https://careers.emergentbiosolutions.com/job/Director%2C-Key-Accounts-Remote/1326189900/,"Director, Key Accounts - Remote (US)",Emergent BioSolutions,155500.0,188200.0,yes,Remote,United States,Senior Level,Full Time,successfactors
https://www.paycomonline.net/v4/ats/web.php/jobs/ViewJobDetails?job=146250&clientkey=6445D20E5D3BF8267EDFE88016182D2B,Associate Client Success Director - Political,WILAND INC,60000.0,78000.0,yes,Remote,United States,Mid Level,Full Time,paycom
https://job-boards.greenhouse.io/palmettocleantech/jobs/4907347008,"Director, Business & Account Development, East",Palmetto Clean Technology,160000.0,252000.0,yes,Remote,United States,Senior Level,Full Time,grnhse
https://eofd.fa.us6.oraclecloud.com/hcmUI/CandidateExperience/en/sites/CX/requisitions/job/585055,"Director of Agency, Ad Sales",32R-Jewel/OSCO,135800.0,190100.0,no,Hybrid,New York City or Chicago,Senior Level,Full Time,oraclecloud
https://cardinalhealth.wd1.myworkdayjobs.com/ext/job/US-Nationwide-FIELD/Director--Commercial-Development---Advanced-Therapies_20166762,"Director, Commercial Development - Advanced Therapies",Cardinal Health,135400.0,218505.0,yes,Remote,United States,Senior Level,Full Time,workday
https://broadridge.wd5.myworkdayjobs.com/careers/job/New-York-NY/Senior-Director---Product-Management--Hybrid-_JR1076063,Senior Director - Product Management (Hybrid),Broadridge,180000.0,190000.0,no,Hybrid,"New York, New York, United States",Senior Level,Full Time,workday
https://oaktree.wd1.myworkdayjobs.com/oaktree/job/Los-Angeles/Senior-Vice-President-Managing-Director_2025-370-1,Senior Vice President/Managing Director,Oaktree Capital Management,275000.0,300000.0,no,Onsite,Los Angeles or New York,Senior Level,Full Time,workday
https://job-boards.greenhouse.io/srsacquiom/jobs/4891183007, Loan Agency Relationship Management Director ,SRS Acquiom,110000.0,132000.0,yes,Remote,United States,Senior Level,Full Time,grnhse
https://unacast.bamboohr.com/careers/139,"Director, Data Acquisition & Partnerships – Location Data",Unacast,125000.0,175000.0,yes,Remote,United States,Senior Level,Full Time,bamboohr
https://clarity.bamboohr.com/careers/165,Senior Account Director – Communications (Integrated) — New York,Clarity Global Inc,130000.0,160000.0,no,Hybrid,"New York, New York, United States",Senior Level,Full Time,bamboohr
https://unilever.wd3.myworkdayjobs.com/unilever_experienced_professionals/job/Remote---USA/Associate-Director--Corporate-Distribution-UFS_R-98295,"Associate Director, Corporate Distribution UFS",Unilever,,,yes,Remote,United States,Senior Level,Full Time,workday
https://job-boards.greenhouse.io/capitalrx/jobs/4908726008,"Proposal Director, Public Sector & PBA Markets",Capital Rx,135000.0,145000.0,no,Hybrid,Denver or New York City or United States,Senior Level,Full Time,grnhse
https://jobs.ubs.com/TGnewUI/Search/home/HomeWithPreLoad?partnerid=25008&siteid=5012&PageType=JobDetails&jobid=333991,"Associate Director, EM STIR Trader",UBS Group AG,225000.0,275000.0,no,Onsite,"New York, New York, United States",Senior Level,Full Time,brassring
https://jobs.ubs.com/TGnewUI/Search/home/HomeWithPreLoad?partnerid=25008&siteid=5012&PageType=JobDetails&jobid=334366,"Executive Director, Head of Market Risk Control Equities Americas ",UBS Group AG,225000.0,325000.0,no,Onsite,"New York, New York, United States",Senior Level,Full Time,brassring
https://jobs.ubs.com/TGnewUI/Search/home/HomeWithPreLoad?partnerid=25008&siteid=5012&PageType=JobDetails&jobid=334366,"Executive Director, Head of Market Risk Control Equities Americas ",UBS Group AG,225000.0,325000.0,no,Onsite,"New York, New York, United States",Senior Level,Full Time,brassring
https://nationwide.wd1.myworkdayjobs.com/nationwide_career/job/Florida/Director--Small-Market-Business-Development---Commercial-Lines--Southern-Region-_94481,"Director, Small Market Business Development - Commercial Lines (Southern Region)",Nationwide,134000.0,255000.0,yes,Remote,United States,Senior Level,Full Time,workday
https://bmo.wd3.myworkdayjobs.com/privileged/job/New-York-NY-USA/Director--Commodities-Trading-Risk-Strategy--Global-Markets_R250023205,"Director, Commodities Trading Risk Strategy, Global Markets",BMO,,,no,Onsite,"New York, New York, United States",Senior Level,Full Time,workday
https://equitable.taleo.net/careersection/eqh_1/jobdetail.ftl?job=250000H6&lang=en,Advanced Markets Sales Director,Equitable,225000.0,275000.0,yes,Remote,United States,Senior Level,Full Time,taleo_careersection
https://ecqf.fa.em2.oraclecloud.com/hcmUI/CandidateExperience/en/sites/CX/requisitions/job/6365,"Director, Market Strategy & Understanding",Ipsos,100000.0,125000.0,no,Hybrid,New York or Chicago or Norwalk or Culver City or Washington or Cincinnati or Troy or Seattle,Senior Level,Full Time,oraclecloud
https://job-boards.greenhouse.io/dynetherapeutics/jobs/5644467004,"Director, Managed Markets Liaison",Dyne Therapeutics,215000.0,246000.0,yes,Remote,United States,Senior Level,Full Time,grnhse
https://evercommerce.wd1.myworkdayjobs.com/evercommerce_careers/job/Remote-Colorado/EverConnect---Director-of-Product-Experience---Engagement_R-105488,EverConnect - Director of Product Experience & Engagement,EverCommerce,105000.0,120000.0,yes,Remote,United States or Canada,Senior Level,Full Time,workday
https://careers.pacira.com/jobs/2304/job?utm_source=hiringcafe_integration&iis=Job%20Board&iisn=HiringCafe,Senior Director National Payer Accounts - South,"Pacira Pharmaceuticals, Inc.",203000.0,265000.0,yes,Remote,United States,Senior Level,Full Time,icims
https://collegeboard.wd1.myworkdayjobs.com/careers/job/Remote---USA/Executive-Director--Market-Insights_REQ002231,"Executive Director, Market Insights",Collegeboard,160000.0,225000.0,yes,Remote,New York or Reston,Senior Level,Full Time,workday
https://careers.sunpharma.com/job/Associate-Director%2C-Health-Systems-%28TN-AR%29/44604144/,"Associate Director, Health Systems (TN-AR) (US)",Sun Pharmaceutical Industries Ltd.,132500.0,240000.0,no,Hybrid,"New York, New York, United States",Senior Level,Full Time,successfactors
https://apply.workable.com/j/BE674B2A20,3425-Director of Analytics Product Enablement,Innovaccer Inc.,,,yes,Remote,United States,Senior Level,Full Time,workable
https://jobs.lever.co/zeta/99cd7c34-8d80-441b-a919-e3218d78de04/apply,Director of Product – Retail Investing Platform (Bhavin Turakhia's Stealth Startup),Zeta,,,yes,Remote,United States,Senior Level,Full Time,lever
https://careers.westpharma.com/job/Remote-Dir%2C-Commercial-Business-Development-Remo/1214603701/,"Dir, Commercial Business Development (Remote, Remote, US)",West Pharmaceutical Services,,,yes,Remote,United States,Senior Level,Full Time,successfactors
https://career.sonepar.com/job/Virtual-5-Business-Development-Director%2C-Industrial/1238065901/,"Business Development Director, Industrial (Virtual-5, US)",Sonepar USA,,,yes,Remote,United States,Senior Level,Full Time,successfactors
https://pnc.wd5.myworkdayjobs.com/external/job/Madison-Avenue-NY-NY019/Capital-Markets-Managing-Director-I-Sales--IC--F-_R191734,Capital Markets Managing Director I-Sales (IC)(F),Pnc,100000.0,225000.0,no,Onsite,New York or Chicago or Pittsburgh,Senior Level,Full Time,workday
https://caresource.wd1.myworkdayjobs.com/caresource/job/Nevada-WFH/Director--Finance---Market-Must-Live-In-Nevada-_R10206,"Director, Finance - Market(Must Live In Nevada)",CareSource,132900.0,232700.0,yes,Remote,United States,Senior Level,Full Time,workday
https://caresource.wd1.myworkdayjobs.com/caresource/job/Massachusetts-WFH/Director--Market-Chief-Financial-Officer_R10469-1,"Director, Market Chief Financial Officer",Caresource,132900.0,232700.0,yes,Remote,United States,Senior Level,Full Time,workday
https://caresource.wd1.myworkdayjobs.com/caresource/job/Ohio-WFH/Medical-Director--Ohio-Market-Geriatrics--Internal-Medicine--Family-Practice-Preferred-_R10269-1,"Medical Director, Ohio Market(Geriatrics, Internal Medicine, Family Practice Preferred)",CareSource,191400.0,334900.0,yes,Remote,United States,Senior Level,Full Time,workday
https://eedu.fa.em3.oraclecloud.com/hcmUI/CandidateExperience/en/sites/CX/requisitions/job/202506240,"Associate Director, Absence, Disability Management and Life - Mid-Market",LON3 London - 51 Lime Street,120000.0,150000.0,yes,Remote,United States,Mid Level,Full Time,oraclecloud
https://fox.wd1.myworkdayjobs.com/domestic/job/Los-Angeles-California-USA/Director-of-Strategic-Partnerships-and-OTT-Growth_R50029883,Director of Strategic Partnerships and OTT Growth,Fox Corporation,128000.0,228000.0,no,Hybrid,Los Angeles or New York,Senior Level,Full Time,workday
https://jobs.scotiabank.com/job/New-York-City-Director%2C-Commodities-Origination-%28Metals%29%2C-New-York%2C-New-York-NY-10281/595552117/,"Director, Commodities Origination (Metals), New York, New York (New York City, NY, US, 10281)",Scotiabank,300000.0,300000.0,no,Onsite,"New York City, New York, United States",Senior Level,Full Time,successfactors
https://jobs.scotiabank.com/job/New-York-City-Director%2C-Leveraged-Credit-Sales%2C-Sales-U_S_-FICC-Credit-Sales-&-Trading-NY-10281/595455617/,"Director, Leveraged Credit Sales, Sales / U.S. FICC / Credit Sales & Trading (New York City, NY, US, 10281)",Scotiabank,300000.0,300000.0,no,Onsite,"New York City, New York, United States",Senior Level,Full Time,successfactors
https://2050partners.bamboohr.com/careers/53,Associate Director - Market Transformation Initiatives Lead,2050 Partners,156000.0,192000.0,yes,Remote,United States,Senior Level,Full Time,bamboohr
https://fmr.wd1.myworkdayjobs.com/fidelitycareers/job/IL-Work-From-Home/Managing-Director--Tax--Exempt-Market-REMOTE--Central-US_2117597,"Managing Director, Tax- Exempt Market-REMOTE- Central US",Fmr,90000.0,204000.0,yes,Remote,United States,Senior Level,Full Time,workday
https://ing.wd3.myworkdayjobs.com/icsgblcor/job/New-York/Interest-Rates-Derivatives-Trader--Director_REQ-10101731,"Interest Rates Derivatives Trader, Director",ING,275000.0,325000.0,no,Hybrid,"New York, New York, United States",Senior Level,Full Time,workday
https://jobs.ubs.com/TGnewUI/Search/home/HomeWithPreLoad?partnerid=25008&siteid=5012&PageType=JobDetails&jobid=333991,"Associate Director, EM STIR Trader",UBS Group AG,225000.0,275000.0,no,Onsite,"New York, New York, United States",Mid Level,Full Time,brassring
https://tas-cognizant.taleo.net/careersection/lateral/jobdetail.ftl?job=46449&lang=en,SAP ISU Solution Architect - Associate Director - 46449,Cognizant,,,yes,Remote,United States,Senior Level,Full Time,taleo_careersection
https://jobs.newyorklife.com/job/Remote-Senior-Associate%2C-African-American-Market-Field-Director-any/1322439700/,"Senior Associate, African American Market Field Director (Remote, any state, US)",New York Life Insurance,77500.0,95000.0,yes,Remote,United States,Mid Level,Full Time,successfactors
https://workforcenow.adp.com/mascsr/default/mdf/recruitment/recruitment.html?cid=b6aadc0e-fe97-45b4-b61a-9e027010dd8d&jobId=629540,"MDD, Core & Brand Builder",Nationwide Marketing Group,110000.0,120000.0,yes,Remote,United States,Mid Level,Full Time,adp
https://blackrock.wd1.myworkdayjobs.com/blackrock_professional/job/New-York-NY/External-Relationship-Management-Vice-President---Director---NYC_R255301,External Relationship Management Vice President / Director - NYC,BlackRock,140000.0,200000.0,no,Hybrid,"New York, New York, United States",Senior Level,Full Time,workday
https://careers.ey.com/ey/job/New-York-Senior-Account-Resource-Center-%28ARC%29-Strategist%2C-Associate-Director-NY-10001-8604/1248146501/,"Senior Account Resource Center (ARC) Strategist, Associate Director (New York, NY, US, 10001-8604)",EY - US | Shape the future with confidence,129500.0,283200.0,no,Hybrid,"New York City, New York, United States",Senior Level,Full Time,successfactors
https://manulife.wd3.myworkdayjobs.com/mfcjh_jobs/job/USA-New-York-New-York-1251-Avenue-of-the-Americas-Suite-2300/Managing-Director-and-Chief-Compliance-Officer-Manulife-Investment-Management-Private-Markets-Registered-Funds-and-CQS--US---LLC_JR25080699,"Managing Director and Chief Compliance Officer—Manulife Investment Management Private Markets Registered Funds and CQS (US), LLC",Manulife,148400.0,275500.0,no,Hybrid,New York City or Boston,Senior Level,Full Time,workday
